"Time (s)","Acceleration (m/s²)"
3.910041647E-3,-8.239615631E-1
4.375891661E-2,8.330528140E-3
8.360891661E-2,1.179143661E-1
1.234579167E-1,-9.344786167E-2
1.633069167E-1,1.035343087E-1
2.031569167E-1,-1.082261145E-2
2.430059167E-1,-5.279451013E-3
2.828549166E-1,1.777962863E-2
3.227049166E-1,-2.559443235E-2
3.625539166E-1,4.550887942E-3
4.024029166E-1,-7.543492913E-3
4.422529166E-1,6.597413421E-2
4.821019166E-1,2.258253157E-2
5.219509166E-1,-5.398149490E-3
5.618009166E-1,5.833767056E-3
6.016499166E-1,-1.499810815E-3
6.414989167E-1,-1.315623522E-4
6.813489167E-1,-1.892743707E-3
7.211979167E-1,2.028632998E-2
7.610469167E-1,2.121019006E-2
8.008969167E-1,-4.149827421E-2
8.407459166E-1,1.853158057E-2
8.805949166E-1,-9.309352040E-3
9.204439166E-1,2.602771103E-2
9.602939166E-1,-8.986585736E-3
1.000142917E0,2.754272461E-2
1.039991542E0,3.159835339E-3
1.079841542E0,2.068452537E-2
1.119690542E0,-1.882861912E-2
1.159539542E0,2.295032144E-3
1.199389542E0,-6.976897717E-3
1.239238542E0,2.762224674E-3
1.279087542E0,2.016704679E-3
1.318937542E0,-5.204021931E-4
1.358786542E0,2.479979575E-2
1.398635542E0,-4.838570952E-3
1.438484542E0,-7.073961496E-3
1.478334542E0,3.050258517E-2
1.518183542E0,-1.455196559E-2
1.558032542E0,1.299836040E-2
1.597882542E0,-6.896790862E-3
1.637731542E0,-1.183768809E-2
1.677580542E0,1.525830925E-2
1.717429542E0,3.099199712E-2
1.757279542E0,-3.052655876E-2
1.797128542E0,-8.811753988E-3
1.836977542E0,8.403618336E-3
1.876826542E0,-2.223111391E-3
1.916676542E0,1.708965719E-2
1.956525542E0,9.609314203E-3
1.996374542E0,2.278542995E-2
2.036225042E0,-1.283756196E-2
2.076074042E0,7.968000770E-3
2.115923042E0,1.171197295E-2
2.155772042E0,1.441221714E-2
2.195622042E0,4.983581901E-3
2.235471042E0,-1.642658293E-2
2.275320042E0,1.950397253E-2
2.315169042E0,2.729948044E-2
2.355019042E0,-1.820822954E-2
2.394868042E0,8.142247796E-3
2.434717042E0,8.297783732E-3
2.474566042E0,-1.430287421E-2
2.514416042E0,1.788897157E-2
2.554265042E0,2.628323436E-3
2.594114042E0,-1.623713315E-2
2.633963042E0,-1.788195491E-2
2.673813042E0,-6.353584528E-3
2.713662042E0,-4.404707551E-3
2.753511042E0,9.814551473E-3
2.793360042E0,1.879645944E-2
2.833209042E0,-2.460391402E-2
2.873059042E0,2.089911819E-2
2.912908042E0,9.376010299E-3
2.952757042E0,-1.741242349E-2
2.992606042E0,3.946695149E-2
3.032455833E0,-1.094598770E-3
3.072304833E0,-3.237544835E-2
3.112153833E0,1.372867763E-2
3.152002833E0,-2.590316534E-3
3.191852833E0,-5.133270621E-3
3.231701833E0,1.911747158E-2
3.271550833E0,2.180309772E-2
3.311399833E0,6.237809658E-3
3.351248833E0,2.240302205E-2
3.391098833E0,1.591612101E-3
3.430947833E0,2.194401562E-2
3.470796833E0,-2.304387689E-3
3.510645833E0,-6.572270393E-4
3.550494833E0,1.042032301E-2
3.590344833E0,-4.546794891E-3
3.630193833E0,1.820413649E-2
3.670042833E0,1.820589066E-2
3.709891833E0,6.086951494E-3
3.749740833E0,-1.665813267E-2
3.789590833E0,1.327961147E-2
3.829439833E0,6.097476482E-3
3.869288833E0,1.328253508E-2
3.909137833E0,-7.375093102E-3
3.948986833E0,1.912273407E-2
3.988836833E0,-1.171197295E-2
4.028685792E0,-1.575006008E-2
4.068534792E0,4.292207122E-2
4.108383792E0,1.119566381E-2
4.148232792E0,6.405624747E-3
4.188081792E0,1.853567362E-2
4.227931792E0,-1.409237444E-2
4.267780792E0,-1.962910295E-3
4.307629792E0,2.675101161E-3
4.347478792E0,1.179968119E-3
4.387327792E0,-1.214291275E-2
4.427176792E0,1.734751940E-2
4.467026792E0,-9.298827052E-3
4.506875792E0,4.176666141E-3
4.546724792E0,1.869764149E-2
4.586573792E0,3.280287981E-3
4.626422792E0,2.533013821E-3
4.666271792E0,-4.200055003E-3
4.706121792E0,2.229543328E-2
4.745970792E0,2.992604971E-2
4.785819792E0,-1.693002820E-2
4.825668792E0,-1.109509170E-2
4.865517792E0,1.914261460E-2
4.905366792E0,-3.698422372E-2
4.945216792E0,2.154172719E-2
4.985065792E0,-1.902333140E-2
5.024914917E0,-1.527935922E-2
5.064763917E0,7.777381539E-3
5.104612917E0,-2.185981572E-2
5.144461917E0,3.756192863E-2
5.184310917E0,-2.066639900E-2
5.224160917E0,1.637220383E-3
5.264009917E0,-1.048873544E-2
5.303858917E0,1.211250722E-2
5.343707917E0,1.226161122E-2
5.383556917E0,3.879042864E-3
5.423405917E0,2.882677317E-4
5.463254917E0,-2.411450207E-2
5.503104917E0,5.522695184E-3
5.542953917E0,1.106176257E-2
5.582802917E0,2.348885000E-2
5.622651917E0,1.331995726E-3
5.662500917E0,-5.403996706E-3
5.702349917E0,-4.212918878E-3
5.742198917E0,-2.716616392E-3
5.782047917E0,4.274314642E-4
5.821897917E0,1.509575665E-2
5.861746917E0,-1.199439347E-2
5.901595917E0,2.572482526E-2
5.941444917E0,-1.067116857E-3
5.981293917E0,-1.665871739E-3
6.021142708E0,3.127675653E-3
6.060991708E0,-1.243351936E-2
6.100840708E0,-8.991848230E-3
6.140689708E0,2.917702138E-2
6.180538708E0,-6.455910802E-3
6.220388708E0,1.924903393E-3
6.260237708E0,5.771201849E-4
6.300086708E0,-7.357551455E-3
6.339935708E0,3.569140434E-3
6.379784708E0,2.152652442E-2
6.419633708E0,5.368913412E-3
6.459482708E0,-2.397183001E-2
6.499331708E0,1.853684306E-2
6.539180708E0,2.676855326E-3
6.579029708E0,2.523073554E-3
6.618879708E0,1.625525951E-3
6.658728708E0,-1.543138683E-2
6.698577708E0,1.421107292E-2
6.738426708E0,-1.707562387E-2
6.778275708E0,1.675168812E-2
6.818124708E0,-6.603845358E-3
6.857973708E0,2.676855326E-3
6.897822708E0,-1.184178114E-2
6.937671708E0,1.783985496E-3
6.977520708E0,-1.602780282E-2
7.017369708E0,-1.497881234E-2
7.057219292E0,1.585355580E-2
7.097069292E0,2.318713367E-2
7.136918292E0,7.766271830E-3
7.176767292E0,-5.255477428E-3
7.216616292E0,-1.408886611E-2
7.256465292E0,4.474055529E-2
7.296314292E0,-6.896790862E-3
7.336163292E0,2.632884264E-2
7.376012292E0,-4.477446914E-2
7.415861292E0,2.225450277E-3
7.455710292E0,3.545576155E-2
7.495559292E0,3.425298929E-3
7.535408292E0,8.963781595E-3
7.575257292E0,-7.200261354E-3
7.615106292E0,2.827128768E-3
7.654955292E0,5.371837020E-3
7.694804292E0,-1.468586683E-2
7.734653292E0,-3.908278942E-2
7.774503292E0,-2.935185313E-2
7.814352292E0,-1.483380139E-2
7.854201292E0,2.722872913E-2
7.894050292E0,-3.169190884E-4
7.933899292E0,2.168966174E-2
7.973748292E0,-8.397771120E-3
8.013597292E0,2.243869007E-2
8.053446208E0,1.944433093E-2
8.093295208E0,2.683287263E-3
8.133144208E0,-1.048932016E-2
8.172993208E0,8.670836091E-3
8.212842208E0,1.184645891E-3
8.252691208E0,1.061854362E-2
8.292540208E0,-4.946159720E-3
8.332389208E0,4.786530733E-3
8.372238208E0,1.048990488E-3
8.412087208E0,1.526766479E-2
8.451936208E0,-1.107755005E-2
8.491785208E0,-1.586817384E-2
8.531634208E0,-4.490661621E-3
8.571483208E0,-1.721537232E-2
8.611332208E0,8.835727572E-3
8.651181208E0,-4.935634732E-3
8.691030208E0,-1.765976071E-2
8.730879208E0,9.278361797E-3
8.770728208E0,-3.446348906E-3
8.810577208E0,3.431146145E-3
8.850426208E0,2.004659414E-2
8.890275208E0,1.017064691E-2
8.930124208E0,-1.048347294E-2
8.969973208E0,-9.135105014E-3
9.009822208E0,1.555944085E-2
9.049672167E0,-8.842159510E-3
9.089520167E0,1.480690420E-2
9.129369167E0,3.283211589E-3
9.169219167E0,6.730729938E-3
9.209068167E0,-4.048027396E-3
9.248917167E0,2.090379596E-3
9.288766167E0,-2.851102352E-3
9.328615167E0,-4.500601888E-3
9.368464167E0,7.332408428E-4
9.408313167E0,1.150965929E-2
9.448162167E0,-1.947707534E-2
9.488011167E0,5.753660202E-4
9.527860167E0,-1.888650656E-2
9.567709167E0,5.362481475E-3
9.607558167E0,-6.768152118E-3
9.647407167E0,6.255936027E-3
9.687256167E0,-3.625858426E-3
9.727105167E0,1.059398532E-2
9.766954167E0,6.851182580E-3
9.806803167E0,2.962784171E-3
9.846651167E0,1.759427190E-3
9.886500167E0,-4.827461243E-3
9.926349167E0,-6.385159492E-4
9.966198167E0,-5.578243732E-3
1.000604717E1,1.208385587E-2
1.004589617E1,1.013556361E-2
1.008574517E1,1.306852698E-3
1.012559417E1,5.350787044E-3
1.016544317E1,-8.119443655E-3
1.020529217E1,1.162426472E-3
1.024514117E1,5.209869146E-3
1.028499017E1,7.221311331E-4
1.032483917E1,8.058047891E-3
1.036468817E1,8.505944610E-3
1.040453717E1,-8.105410337E-3
1.044438617E1,5.818564296E-3
1.048423517E1,-1.666456461E-3
1.052408417E1,1.309776306E-4
1.056393317E1,-1.368248463E-3
1.060378217E1,-6.158872247E-3
1.064363117E1,-1.708380997E-2
1.068348017E1,-7.203769684E-3
1.072332917E1,-5.705713034E-3
1.076317817E1,-5.856571198E-3
1.080302717E1,-7.656928897E-3
1.084287617E1,2.224280834E-3
1.088272517E1,4.471950531E-3
1.092257417E1,-4.657891989E-3
1.096242317E1,2.063306987E-2
1.100227217E1,-9.012898207E-3
1.104212092E1,-6.920764446E-3
1.108196992E1,9.544994831E-3
1.112181892E1,-2.579206824E-3
1.116166792E1,-3.367996216E-4
1.120151592E1,3.107795119E-3
1.124136492E1,6.250088811E-3
1.128121392E1,-9.326308966E-4
1.132106292E1,2.065236568E-3
1.136091192E1,-2.879168987E-3
1.140076092E1,6.398023367E-3
1.144060992E1,1.657100916E-2
1.148045892E1,1.282820642E-2
1.152030792E1,-4.985920787E-3
1.156015692E1,-1.096937656E-3
1.160000592E1,7.281537652E-3
1.163985492E1,-1.487648606E-2
1.167970392E1,-9.788823724E-3
1.171955292E1,-2.356018603E-2
1.175940192E1,-4.848511219E-3
1.179925092E1,-5.613327026E-5
1.183909992E1,1.101849318E-2
1.187894792E1,1.206280589E-2
1.191879692E1,1.133775115E-3
1.195864592E1,-1.708556414E-3
1.199849492E1,8.069157600E-5
1.203834392E1,3.226493597E-3
1.207819292E1,-7.848132849E-3
1.211804192E1,1.581671834E-3
1.215789092E1,2.030153275E-3
1.219773992E1,1.640377879E-2
1.223758892E1,-7.546416521E-3
1.227743792E1,-4.402368665E-3
1.231728692E1,-1.106293201E-3
1.235713592E1,2.038924098E-3
1.239698392E1,9.414017200E-5
1.243683292E1,-1.993900537E-3
1.247668192E1,-9.928572178E-3
1.251653092E1,4.146845341E-3
1.255637992E1,-1.991561651E-3
1.259622892E1,-1.127226233E-2
1.263607792E1,1.302759647E-3
1.267592692E1,1.006890535E-3
1.271577592E1,-9.019914865E-3
1.275562492E1,1.044429660E-2
1.279547392E1,-4.222859144E-3
1.283532192E1,5.053163767E-3
1.287517092E1,-4.974811077E-3
1.291501992E1,-1.531970501E-3
1.295486892E1,1.059047699E-2
1.299471792E1,6.845335364E-3
1.303456733E1,-1.985714436E-3
1.307441633E1,3.104286790E-3
1.311426533E1,1.193650603E-2
1.315411433E1,2.578622103E-4
1.319396333E1,-6.778677106E-3
1.323381133E1,-3.935760856E-3
1.327366033E1,-8.426422477E-3
1.331350933E1,-7.934671640E-4
1.335335833E1,5.554854870E-4
1.339320733E1,-1.650844395E-2
1.343305633E1,4.745015502E-3
1.347290533E1,2.225625694E-2
1.351275433E1,1.162718832E-2
1.355260333E1,5.191742778E-3
1.359245133E1,5.337923169E-3
1.363230033E1,9.529792070E-3
1.367214933E1,3.540489078E-3
1.371199833E1,6.685121655E-3
1.375184733E1,3.242865801E-3
1.379169633E1,4.440375566E-3
1.383154533E1,2.467525005E-4
1.387139433E1,-4.975980520E-4
1.391124233E1,5.494043827E-3
1.395109133E1,9.087742567E-3
1.399094033E1,-3.639891744E-3
1.403078967E1,8.330528140E-3
1.407063867E1,7.577991486E-3
1.411048767E1,5.920890570E-3
1.415033667E1,-6.060054302E-3
1.419018467E1,8.453904390E-3
1.423003367E1,-2.627153993E-3
1.426988267E1,-3.376182318E-3
1.430973167E1,4.999954104E-3
1.434958067E1,-7.432395816E-3
1.438942967E1,1.367195964E-2
1.442927867E1,2.740589976E-3
1.446912667E1,6.479299664E-3
1.450897567E1,-2.505531907E-3
1.454882467E1,8.086406887E-2
1.458867367E1,4.351714236E-1
1.462852267E1,7.634376186E-1
1.466837167E1,9.179175478E-1
1.470822067E1,1.036470430E0
1.474806867E1,1.063867559E0
1.478791767E1,8.378381753E-1
1.482776667E1,4.904159170E-1
1.486761567E1,4.085367715E-1
1.490746467E1,2.296552420E-1
1.494731367E1,1.464359146E-1
1.498716167E1,1.130559146E-1
1.502701067E1,1.648464578E-1
1.506685933E1,1.365587980E-1
1.510670833E1,1.887989920E-1
1.514655733E1,2.328068912E-1
1.518640633E1,2.630486906E-1
1.522625433E1,2.884957731E-1
1.526610333E1,3.169418925E-1
1.530595233E1,3.226283097E-1
1.534580133E1,3.657357377E-1
1.538565033E1,3.652895951E-1
1.542549933E1,3.807046098E-1
1.546534733E1,4.137899101E-1
1.550519633E1,4.215725541E-1
1.554504533E1,4.239675736E-1
1.558489433E1,4.082479191E-1
1.562474333E1,3.932784623E-1
1.566459133E1,4.215637833E-1
1.570444033E1,3.726144022E-1
1.574428933E1,3.943175125E-1
1.578413833E1,3.747024429E-1
1.582398733E1,4.106335831E-1
1.586383633E1,3.917733890E-1
1.590368433E1,3.693154031E-1
1.594353333E1,3.610801846E-1
1.598338233E1,3.369744533E-1
1.602323133E1,3.437081069E-1
1.606308017E1,2.925122255E-1
1.610292817E1,2.787338465E-1
1.614277717E1,2.697572011E-1
1.618262617E1,2.998434645E-1
1.622247517E1,2.502953285E-1
1.626232417E1,2.842734987E-1
1.630217217E1,2.371174586E-1
1.634202117E1,2.086730933E-1
1.638187017E1,1.860712659E-1
1.642171917E1,1.826243323E-1
1.646156817E1,1.877137488E-1
1.650141617E1,1.431041712E-1
1.654126517E1,1.920506287E-1
1.658111417E1,1.350215650E-1
1.662096317E1,1.327698022E-1
1.666081217E1,1.005843884E-1
1.670066017E1,1.008814269E-1
1.674050917E1,8.397127926E-2
1.678035817E1,2.843676388E-2
1.682020717E1,4.954228878E-2
1.686005517E1,6.869893670E-2
1.689990417E1,-8.089622855E-3
1.693975317E1,4.325477779E-2
1.697960217E1,5.043398917E-2
1.701945117E1,1.825032949E-2
1.705929929E1,5.102748156E-2
1.709914829E1,4.638362288E-2
1.713899729E1,6.254357278E-2
1.717884629E1,1.299543679E-2
1.721869429E1,4.696775973E-2
1.725854329E1,4.591818452E-2
1.729839229E1,2.645689666E-2
1.733824129E1,3.124459684E-2
1.737809029E1,1.342988491E-2
1.741793829E1,2.375489831E-2
1.745778729E1,-3.552066565E-2
1.749763629E1,-6.329026222E-3
1.753748529E1,3.213688195E-2
1.757733329E1,-2.684222817E-2
1.761718229E1,-1.695107818E-3
1.765703129E1,1.593950987E-3
1.769688029E1,-6.945322752E-3
1.773672829E1,-3.209361255E-2
1.777657729E1,1.535654247E-2
1.781642629E1,-5.749567151E-3
1.785627529E1,5.029774904E-3
1.789612329E1,4.578954577E-3
1.793597229E1,-2.027229667E-2
1.797582129E1,-4.707008600E-3
1.801567029E1,-1.817723930E-2
1.805551829E1,-1.982439995E-2
1.809536729E1,2.119381785E-2
1.813521629E1,6.821946502E-3
1.817506529E1,-3.509031057E-2
1.821491329E1,-2.760528982E-2
1.825476229E1,-3.015175223E-2
1.829461129E1,-1.997291923E-2
1.833446029E1,-3.165039361E-2
1.837430829E1,-8.452150226E-3
1.841415729E1,-9.648490548E-3
1.845400629E1,-5.381134093E-2
1.849385529E1,3.943771541E-2
1.853370329E1,-7.861581445E-3
1.857355229E1,-8.462675214E-3
1.861340129E1,1.119741797E-3
1.865325029E1,-2.927057683E-2
1.869309829E1,-2.313918650E-2
1.873294729E1,2.924718797E-2
1.877279629E1,-9.374840856E-3
1.881264529E1,-2.674457967E-2
1.885249329E1,9.322215915E-3
1.889234229E1,3.178546429E-3
1.893219129E1,-1.418651462E-2
1.897203929E1,1.379942894E-3
1.901188829E1,2.996873438E-2
1.905173679E1,7.069283724E-3
1.909158579E1,-3.035172701E-2
1.913143379E1,4.793371975E-2
1.917128279E1,-4.666721284E-2
1.921113179E1,7.963907719E-3
1.925097979E1,-1.618509293E-3
1.929082879E1,-3.455587506E-2
1.933067779E1,3.579314590E-2
1.937052679E1,-1.210782945E-2
1.941037479E1,-2.273455918E-2
1.945022379E1,-8.362687826E-3
1.949007279E1,-2.671008110E-3
1.952992179E1,-3.665502548E-2
1.956976979E1,-5.297051132E-2
1.960961879E1,1.284504640E-1
1.964946779E1,-9.098442972E-2
1.968931579E1,1.170203269E-2
1.972916479E1,1.110152364E-2
1.976901379E1,3.612994552E-3
1.980886279E1,-1.869062483E-2
1.984871079E1,9.302335382E-3
1.988855979E1,-1.599213481E-2
1.992840879E1,-4.607781351E-2
1.996825679E1,2.502315938E-2
2.000810579E1,7.664530277E-3
2.004795567E1,-4.771912694E-2
2.008780467E1,-9.699361324E-3
2.012765267E1,4.493585229E-2
2.016750167E1,-2.018166482E-2
2.020735067E1,4.942066669E-2
2.024719867E1,1.813689351E-2
2.028704767E1,-1.015076637E-2
2.032689667E1,1.125530541E-2
2.036674467E1,5.092340112E-2
2.040659367E1,-8.648031950E-4
2.044644267E1,2.773217440E-2
2.048629167E1,2.428991854E-2
2.052613967E1,-1.927476168E-2
2.056598867E1,-2.657559514E-3
2.060583767E1,2.054360747E-2
2.064568567E1,-4.152692556E-3
2.068553467E1,7.443622470E-2
2.072538367E1,2.139496207E-3
2.076523167E1,5.282374620E-3
2.080508067E1,7.379770875E-3
2.084492967E1,3.327475011E-2
2.088477767E1,-2.929688931E-2
2.092462667E1,5.585845113E-3
2.096447567E1,2.339997232E-2
2.100432467E1,2.819936693E-2
2.104417183E1,1.406840086E-3
2.108402083E1,-1.490104437E-2
2.112386983E1,-1.578163505E-3
2.116371783E1,-2.402387023E-2
2.120356683E1,-9.805780649E-3
2.124341583E1,-2.566693783E-2
2.128326383E1,-4.781619072E-2
2.132311283E1,-6.427493334E-2
2.136296183E1,-5.304594040E-2
2.140280983E1,-1.362687761E-1
2.144265883E1,-5.693083048E-2
2.148250783E1,-1.361085624E-1
2.152235583E1,-1.425428385E-1
2.156220483E1,-1.266752493E-1
2.160205383E1,-1.552622867E-1
2.164190183E1,-1.443309170E-1
2.168175083E1,-1.765075600E-1
2.172159983E1,-1.115385622E-1
2.176144783E1,-1.944602662E-1
2.180129683E1,-1.889141822E-1
2.184114583E1,-2.730363196E-1
2.188099383E1,-2.387593567E-1
2.192084283E1,-2.059822047E-1
2.196069183E1,-3.640464771E-1
2.200053983E1,-3.200409168E-1
2.204038929E1,-3.137557447E-1
2.208023829E1,-3.442893201E-1
2.212008729E1,-3.559621167E-1
2.215993529E1,-3.576069385E-1
2.219978429E1,-3.368048841E-1
2.223963229E1,-3.198888892E-1
2.227948129E1,-3.619520044E-1
2.231933029E1,-3.915968031E-1
2.235917829E1,-3.375603443E-1
2.239902729E1,-3.531279713E-1
2.243887629E1,-3.531338185E-1
2.247872529E1,-3.082330495E-1
2.251857329E1,-3.157198244E-1
2.255842229E1,-3.907162124E-1
2.259827029E1,-3.449097097E-1
2.263811929E1,-4.134642202E-1
2.267796829E1,-3.652685452E-1
2.271781629E1,-3.773945010E-1
2.275766529E1,-3.854800308E-1
2.279751429E1,-3.550973135E-1
2.283736229E1,-3.767998391E-1
2.287721129E1,-3.901244742E-1
2.291706029E1,-3.708216459E-1
2.295690829E1,-3.723179483E-1
2.299675729E1,-3.826423770E-1
2.303660629E1,-3.568976712E-1
2.307645429E1,-3.450693387E-1
2.311630329E1,-3.884808218E-1
2.315615229E1,-2.675358438E-1
2.319600029E1,-3.012087893E-1
2.323584929E1,-2.735163760E-1
2.327569829E1,-2.245652407E-1
2.331554629E1,-2.792063016E-1
2.335539529E1,-2.308585989E-1
2.339524429E1,-2.345978934E-1
2.343509229E1,-2.416332632E-1
2.347494129E1,-1.928329861E-1
2.351479029E1,-2.136373794E-1
2.355463829E1,-1.973242325E-1
2.359448729E1,-2.070516604E-1
2.363433529E1,-1.887884670E-1
2.367418429E1,-1.889358169E-1
2.371403329E1,-1.622923940E-1
2.375388129E1,-1.396864736E-1
2.379373029E1,-1.283101308E-1
2.383357929E1,-1.179833633E-1
2.387342729E1,-1.375896621E-1
2.391327629E1,-1.079536343E-1
2.395312529E1,-9.912316918E-2
2.399297329E1,-7.217919946E-2
2.403282229E1,-1.037629348E-1
2.407267004E1,-7.233064234E-2
2.411251904E1,-1.399788344E-1
2.415236804E1,-7.007244766E-2
2.419221604E1,-9.431909680E-2
2.423206504E1,-1.154532731E-2
2.427191404E1,-1.681097889E-1
2.431176204E1,-2.471384168E-2
2.435161104E1,-1.127214539E-1
2.439145904E1,-3.279527843E-2
2.443130804E1,-3.624104261E-2
2.447115704E1,-7.650496960E-3
2.451100504E1,-4.866111338E-2
2.455085404E1,-1.827021003E-2
2.459070304E1,-4.431838632E-2
2.463055104E1,-5.434986949E-2
2.467040004E1,-5.929193616E-2
2.471024804E1,-5.104034543E-3
2.475009704E1,-1.155748951E-1
2.478994604E1,1.346993834E-1
2.482979404E1,-1.517960572E-1
2.486964304E1,4.279284775E-2
2.490949104E1,1.735453606E-2
2.494934004E1,-1.318137825E-2
2.498918904E1,-1.258028448E-2
2.502903704E1,3.680763781E-2
2.506888596E1,-5.285415173E-2
2.510873496E1,1.121963739E-2
2.514858296E1,-6.602208138E-2
2.518843196E1,6.285698354E-2
2.522827996E1,3.352150261E-2
2.526812896E1,-2.305674076E-2
2.530797796E1,-3.099024296E-2
2.534782596E1,2.984418869E-3
2.538767496E1,-1.318196297E-2
2.542752296E1,4.775421023E-3
2.546737196E1,-8.243989348E-3
2.550722096E1,-2.426185191E-2
2.554706896E1,-2.515764534E-2
2.558691796E1,-2.590082645E-2
2.562676596E1,6.466435790E-2
2.566661496E1,7.259669065E-2
2.570646396E1,-6.256871581E-2
2.574631196E1,2.080848634E-2
2.578616096E1,1.112251514E-1
2.582600896E1,-6.278155446E-3
2.586585796E1,-3.232165396E-2
2.590570596E1,9.588264227E-3
2.594555496E1,-1.526298702E-2
2.598540396E1,4.999895632E-2
2.602525196E1,-4.430201411E-2
2.606510079E1,4.161638796E-2
2.610494879E1,-4.550361693E-2
2.614479779E1,9.428635240E-3
2.618464679E1,-2.485066652E-2
2.622449479E1,5.313657224E-2
2.626434379E1,-1.511797607E-2
2.630419179E1,-1.377370119E-2
2.634404079E1,-1.078401983E-2
2.638388979E1,-2.021674812E-2
2.642373779E1,2.798301995E-2
2.646358679E1,-2.739946783E-2
2.650343479E1,3.726255119E-2
2.654328379E1,2.843325555E-2
2.658313179E1,-5.398149490E-3
2.662298079E1,-6.595074534E-3
2.666282979E1,1.391169548E-2
2.670267779E1,1.257034421E-2
2.674252679E1,-3.697486818E-2
2.678237479E1,1.929815054E-2
2.682222379E1,1.001628041E-2
2.686207179E1,-5.698111653E-3
2.690192079E1,4.444994867E-2
2.694176979E1,-3.563527107E-2
2.698161779E1,1.585647941E-2
2.702146679E1,5.678231120E-3
2.706131467E1,3.367236078E-2
2.710116367E1,-2.066113651E-2
2.714101167E1,5.792895019E-2
2.718086067E1,4.941481948E-3
2.722070967E1,1.976241946E-2
2.726055767E1,-3.739879131E-3
2.730040667E1,-2.574412107E-2
2.734025467E1,1.003148317E-2
2.738010367E1,-2.542369366E-3
2.741995167E1,8.534595966E-3
2.745980067E1,6.290434599E-3
2.749964867E1,-1.473498344E-4
2.753949767E1,2.574704468E-2
2.757934667E1,1.871167481E-2
2.761919467E1,-3.747480512E-3
2.765904367E1,1.885902464E-2
2.769889167E1,-1.602078617E-2
2.773874067E1,-1.422218263E-2
2.777858867E1,-2.997282743E-3
2.781843767E1,5.088831782E-3
2.785828567E1,1.497413456E-2
2.789813467E1,1.953554749E-3
2.793798367E1,1.093546271E-2
2.797783167E1,7.548755407E-4
2.801768067E1,-1.182073116E-2
2.805752908E1,6.735992432E-3
2.809737808E1,-5.088247061E-3
2.813722608E1,-1.481567502E-2
2.817707508E1,2.846424580E-3
2.821692308E1,-1.047645628E-2
2.825677208E1,-1.181956172E-2
2.829662008E1,3.904185891E-3
2.833646908E1,4.504110217E-3
2.837631708E1,1.662655771E-2
2.841616608E1,9.139198065E-4
2.845601508E1,1.214466691E-3
2.849586308E1,1.558750749E-2
2.853571208E1,-2.781929791E-2
2.857556008E1,-5.747812986E-4
2.861540908E1,4.811673760E-3
2.865525708E1,-1.510218859E-2
2.869510608E1,4.956684709E-3
2.873495408E1,2.860457897E-3
2.877480308E1,1.648213148E-2
2.881465108E1,-6.271138787E-3
2.885450008E1,-6.867554784E-3
2.889434808E1,-2.683287263E-3
2.893419708E1,-2.835899591E-3
2.897404508E1,1.351876259E-3
2.901389408E1,1.707094610E-2
2.905374329E1,-5.385870337E-3
2.909359129E1,3.890737295E-3
2.913344029E1,1.242182493E-2
2.917328829E1,-1.317728519E-2
2.921313729E1,-1.856490970E-2
2.925298529E1,3.736955523E-3
2.929283429E1,3.731693029E-3
2.933268229E1,-1.056007147E-3
2.937253129E1,1.031507313E-2
2.941237929E1,-4.657307267E-3
2.945222829E1,-1.289603412E-2
2.949207629E1,7.160500288E-3
2.953192529E1,-7.508994341E-3
2.957177329E1,1.774629951E-3
2.961162229E1,9.859575033E-3
2.965147029E1,5.071874857E-3
2.969131929E1,-1.960571408E-3
2.973116729E1,-7.949289680E-3
2.977101629E1,-4.354421496E-3
2.981086429E1,3.130599260E-3
2.985071329E1,4.774251580E-3
2.989056129E1,-3.455704451E-3
2.993041029E1,1.631957889E-3
2.997025829E1,2.227204442E-3
3.001010729E1,-4.648536444E-4
3.004995479E1,-1.654762030E-4
3.008980379E1,8.368535042E-3
3.012965179E1,-3.004299402E-3
3.016950079E1,1.136698723E-2
3.020934879E1,4.179589748E-3
3.024919779E1,3.283796310E-3
3.028904579E1,7.027183771E-3
3.032889479E1,4.181928635E-3
3.036874279E1,4.927448630E-3
3.040859179E1,-1.662831187E-2
3.044843979E1,-7.946366072E-3
3.048828879E1,8.846837282E-4
3.052813679E1,2.109499991E-2
3.056798579E1,4.178420305E-3
3.060783379E1,-1.656516194E-3
3.064768279E1,-5.850139260E-3
3.068753079E1,7.373338938E-4
3.072737979E1,-3.760929108E-3
3.076722779E1,1.922564507E-3
3.080707679E1,-1.777553558E-4
3.084692479E1,1.616755128E-3
3.088677379E1,2.816019058E-3
3.092662179E1,8.499512672E-3
3.096647079E1,-5.570642352E-3
3.100631879E1,5.653088093E-3
3.104616842E1,1.007475257E-3
3.108601642E1,8.941562176E-3
3.112586542E1,2.054711580E-3
3.116571342E1,7.051742077E-4
3.120556242E1,-1.486654580E-2
3.124541042E1,-7.958060503E-4
3.128525942E1,8.491911292E-3
3.132510742E1,-5.129177570E-3
3.136495642E1,1.747557342E-2
3.140480442E1,-1.537817717E-3
3.144465342E1,2.354089022E-3
3.148450142E1,1.600382924E-3
3.152435042E1,9.385365844E-3
3.156419842E1,-4.970133305E-5
3.160404642E1,-4.539778233E-3
3.164389542E1,-4.239816070E-3
3.168374342E1,5.339677334E-3
3.172359242E1,5.786989331E-3
3.176344042E1,6.233131886E-3
3.180328942E1,-7.094426751E-3
3.184313742E1,-9.624516964E-4
3.188298642E1,1.579332948E-3
3.192283442E1,1.819361150E-2
3.196268342E1,8.536934853E-5
3.200253142E1,1.130909979E-2
3.204238042E1,2.924192548E-3
3.208222817E1,-1.339421690E-2
3.212207717E1,1.564539492E-2
3.216192517E1,-5.012817979E-3
3.220177317E1,4.861959815E-3
3.224162217E1,-1.204818785E-2
3.228147017E1,4.119948149E-3
3.232131917E1,1.504547060E-2
3.236116717E1,-5.160752535E-3
3.240101617E1,1.115239441E-2
3.244086417E1,6.060639024E-3
3.248071317E1,-9.959562421E-3
3.252056117E1,2.207031548E-2
3.256041017E1,1.114420831E-2
3.260025817E1,1.084015310E-2
3.264010717E1,7.094426751E-3
3.267995517E1,-1.880639970E-2
3.271980317E1,1.247620404E-2
3.275965217E1,1.989807487E-3
3.279950017E1,-8.192533851E-3
3.283934917E1,1.066766024E-2
3.287919717E1,-6.550635695E-3
3.291904617E1,-7.300248742E-3
3.295889417E1,2.608325958E-2
3.299874317E1,1.455722809E-2
3.303859117E1,4.969548583E-3
3.307843896E1,-1.614474714E-2
3.311828796E1,2.965766251E-2
3.315813596E1,-2.975063324E-3
3.319798496E1,-1.734693468E-2
3.323783296E1,2.107921243E-3
3.327768196E1,-1.782231331E-3
3.331752996E1,2.256440520E-3
3.335737796E1,1.767320931E-2
3.339722696E1,-4.032824636E-3
3.343707496E1,-3.037979364E-2
3.347692396E1,-8.521732092E-3
3.351677196E1,-1.226745844E-2
3.355662096E1,1.482678473E-2
3.359646896E1,-1.795562983E-2
3.363631796E1,-1.855496943E-2
3.367616596E1,1.961506963E-2
3.371601396E1,7.190321088E-3
3.375586296E1,-1.571673095E-2
3.379571096E1,2.769241333E-2
3.383555996E1,7.480927706E-3
3.387540796E1,-7.338840365E-3
3.391525696E1,1.511271358E-2
3.395510496E1,-8.396601677E-3
3.399495296E1,1.001335680E-2
3.403480196E1,2.076346278E-3
3.407465042E1,1.474083066E-3
3.411449942E1,2.422793806E-2
3.415434742E1,-2.396715224E-2
3.419419542E1,6.274647117E-3
3.423404442E1,-1.957063079E-3
3.427389242E1,1.466189325E-2
3.431374142E1,-4.948498607E-3
3.435358942E1,-6.896790862E-3
3.439343842E1,-4.055628777E-3
3.443328642E1,2.453491688E-2
3.447313442E1,-2.021908700E-2
3.451298342E1,2.618149281E-2
3.455283142E1,-2.052080333E-2
3.459268042E1,6.123788953E-3
3.463252842E1,-6.000412703E-3
3.467237742E1,-2.109090686E-3
3.471222542E1,3.066981554E-2
3.475207342E1,-1.587986827E-2
3.479192242E1,2.228549302E-2
3.483177042E1,4.174911976E-3
3.487161942E1,-8.700656891E-3
3.491146742E1,-6.756457686E-3
3.495131542E1,-2.157797992E-2
3.499116442E1,8.096230209E-2
3.503101242E1,-3.579022229E-2
3.507086104E1,-8.700072169E-3
3.511070904E1,4.593221784E-2
3.515055704E1,-3.878750503E-2
3.519040604E1,1.195287824E-2
3.523025404E1,1.924318671E-3
3.527010304E1,3.260465920E-2
3.530995104E1,-1.724168479E-2
3.534979904E1,1.917302012E-3
3.538964804E1,-3.472076654E-3
3.542949604E1,-7.215464115E-3
3.546934504E1,1.149738014E-2
3.550919304E1,7.306095958E-3
3.554904204E1,-3.770869374E-3
3.558889004E1,-8.260946274E-3
3.562873804E1,4.163217545E-3
3.566858704E1,-3.268593550E-4
3.570843504E1,1.958524883E-2
3.574828304E1,-1.020105243E-2
3.578813204E1,6.411471963E-3
3.582798004E1,3.021548688E-2
3.586782904E1,-2.232233047E-2
3.590767704E1,1.404559672E-2
3.594752604E1,-1.109918475E-2
3.598737404E1,1.628917336E-2
3.602722204E1,3.005936623E-2
3.606707117E1,-6.167643070E-3
3.610691917E1,2.556519628E-2
3.614676717E1,-1.035717309E-2
3.618661617E1,1.344625711E-2
3.622646417E1,-2.203055441E-2
3.626631317E1,1.494080544E-2
3.630616117E1,2.855604708E-2
3.634600917E1,-3.790457547E-2
3.638585817E1,3.199830294E-2
3.642570617E1,2.690713227E-2
3.646555517E1,-2.008927882E-2
3.650540317E1,5.651918650E-3
3.654525117E1,-7.517765164E-3
3.658510017E1,-1.410816193E-2
3.662494817E1,2.226268888E-2
3.666479717E1,-2.637795925E-2
3.670464517E1,4.067966402E-2
3.674449317E1,-2.428465605E-2
3.678434217E1,-3.927574754E-3
3.682419017E1,2.654635906E-4
3.686403817E1,9.843202829E-3
3.690388717E1,9.398814440E-3
3.694373517E1,-3.460908473E-2
3.698358417E1,2.646274388E-2
3.702343217E1,2.663991451E-3
3.706327996E1,-4.519897699E-3
3.710312896E1,-1.469931543E-2
3.714297696E1,8.057463169E-3
3.718282596E1,4.760802984E-3
3.722267396E1,-2.936413229E-2
3.726252196E1,-1.522030234E-3
3.730237096E1,-2.352393329E-2
3.734221896E1,-1.169735491E-2
3.738206796E1,-2.716031671E-3
3.742191596E1,-4.814597368E-3
3.746176396E1,-7.360475063E-3
3.750161296E1,-5.266587138E-3
3.754146096E1,8.953256607E-3
3.758130896E1,-1.724577785E-2
3.762115796E1,1.613188326E-2
3.766100596E1,-6.230442166E-2
3.770085496E1,4.667013645E-2
3.774070296E1,-8.113011718E-3
3.778055096E1,-1.081091702E-2
3.782039996E1,-3.627612591E-3
3.786024796E1,-1.455371976E-2
3.790009596E1,7.005549073E-3
3.793994496E1,-3.618257046E-3
3.797979296E1,-7.730019093E-4
3.801964196E1,-4.665493369E-3
3.805949004E1,2.152886331E-2
3.809933804E1,-7.959814668E-3
3.813918704E1,2.406713963E-2
3.817903504E1,1.312699914E-3
3.821888304E1,4.904644489E-3
3.825873204E1,-9.616915584E-3
3.829858004E1,4.093050957E-4
3.833842904E1,1.014491916E-3
3.837827704E1,1.209438086E-2
3.841812504E1,7.756916285E-3
3.845797404E1,2.964538336E-3
3.849782204E1,1.763520241E-2
3.853767004E1,-4.369039536E-3
3.857751904E1,1.374446511E-2
3.861736704E1,1.449232399E-2
3.865721604E1,1.044558299E-1
3.869706404E1,-6.213777602E-2
3.873691204E1,1.854385972E-2
3.877676104E1,-8.474018812E-2
3.881660904E1,1.523620677E-1
3.885645704E1,-6.453045666E-2
3.889630604E1,-5.240683973E-2
3.893615404E1,-2.973139590E-1
3.897600304E1,1.205707562E-1
3.901585104E1,1.405319810E-1
3.905569958E1,3.819635153E-2
3.909554858E1,-3.219067633E-1